{
  "west": 35.55772676855369,
  "south": 30.66177190754679,
  "east": 36.592760869373784,
  "north": 31.91256720294873,
  "width": 1655,
  "height": 2000,
  "scales": {
    "baseline": {
      "vmin": 0.04,
      "vmax": 0.3
    },
    "recent": {
      "vmin": 0.04,
      "vmax": 0.3
    },
    "delta": {
      "vmin": -0.08,
      "vmax": 0.08
    }
  }
}